{"cameraMode":{"drawMode":0,"name":"Shaded","section":"Shading Mode"},"sceneLighting":false,"audioPlay":false,"sceneViewState":{"showFog":true,"showMaterialUpdate":false,"showSkybox":true,"showFlares":true,"showImageEffects":true,"showParticleSystems":true},"in2DMode":false,"pivot":{"x":-83.90497589111328,"y":127.41316223144531,"z":-76.18065643310547},"rotation":{"x":0.4391586184501648,"y":-0.534419059753418,"z":0.38354799151420596,"w":0.6119043827056885},"size":13.957388877868653,"orthographic":false}