{"cameraMode":{"drawMode":0,"name":"Shaded","section":"Shading Mode"},"sceneLighting":false,"audioPlay":false,"sceneViewState":{"showFog":true,"showMaterialUpdate":false,"showSkybox":true,"showFlares":true,"showImageEffects":true,"showParticleSystems":true},"in2DMode":false,"pivot":{"x":8.338500022888184,"y":2.7888455390930177,"z":9.184187889099121},"rotation":{"x":0.2917042374610901,"y":0.12135101854801178,"z":0.03733834996819496,"w":-0.9480445981025696},"size":2.784864902496338,"orthographic":false}