{"cameraMode":{"drawMode":0,"name":"Shaded","section":"Shading Mode"},"sceneLighting":false,"audioPlay":false,"sceneViewState":{"showFog":true,"showMaterialUpdate":false,"showSkybox":true,"showFlares":true,"showImageEffects":true,"showParticleSystems":true},"in2DMode":false,"pivot":{"x":-0.4909210205078125,"y":-23.953758239746095,"z":-0.13134765625},"rotation":{"x":-0.13459329307079316,"y":-0.8118947148323059,"z":-0.5292202234268189,"w":0.20648880302906037},"size":1012.9171142578125,"orthographic":false}